{
    "loss": 0.017186766490340233,
    "accuracy": 0.9885057210922241
}