{
    "loss": 8.716690063476562,
    "accuracy": 0.6896551847457886
}