{
    "loss": 0.01957102306187153,
    "accuracy": 0.9885057210922241
}